{"time/training": 7.742896556854248, "evaluation/target_3600_return_mean": 2129.1868495669014, "evaluation/target_3600_return_std": 220.87510507603184, "evaluation/target_3600_length_mean": 663.6666666666666, "evaluation/target_3600_length_std": 63.215680192672316, "evaluation/target_1800_return_mean": 1873.562939987399, "evaluation/target_1800_return_std": 167.32454439480853, "evaluation/target_1800_length_mean": 592.3333333333334, "evaluation/target_1800_length_std": 52.65189666310438, "time/total": 38092.38495826721, "time/evaluation": 12.394282341003418, "training/train_loss_mean": 0.056195638924837116, "training/train_loss_std": 0.002054607508521972, "training/action_error": 0.05512373521924019, "_timestamp": 1671875727.2158735, "_runtime": 38091.104548454285, "_step": 1999, "_wandb": {"runtime": 38090}}