{"time/training": 6.5285234451293945, "evaluation/target_3600_return_mean": 1893.7802796059307, "evaluation/target_3600_return_std": 249.08771849604616, "evaluation/target_3600_length_mean": 585.0, "evaluation/target_3600_length_std": 72.01388754955533, "evaluation/target_1800_return_mean": 1861.434711526719, "evaluation/target_1800_return_std": 253.785623426916, "evaluation/target_1800_length_mean": 581.6666666666666, "evaluation/target_1800_length_std": 74.02852303147904, "time/total": 38725.44284915924, "time/evaluation": 10.920795440673828, "training/train_loss_mean": 0.056309309750795365, "training/train_loss_std": 0.001957635333788222, "training/action_error": 0.05431259423494339, "_timestamp": 1671880924.5076084, "_runtime": 38724.28155231476, "_step": 1999, "_wandb": {"runtime": 38723}}