{"time/training": 1.9796643257141113, "evaluation/target_3600_return_mean": 1861.7144173007728, "evaluation/target_3600_return_std": 63.22911523962701, "evaluation/target_3600_length_mean": 573.0, "evaluation/target_3600_length_std": 20.06655592438988, "evaluation/target_1800_return_mean": 1698.322304046903, "evaluation/target_1800_return_std": 471.37916290296334, "evaluation/target_1800_length_mean": 527.6666666666666, "evaluation/target_1800_length_std": 139.55723636638203, "time/total": 25411.38056063652, "time/evaluation": 10.574532508850098, "training/train_loss_mean": 0.059106634110212324, "training/train_loss_std": 0.0037651282743336387, "training/action_error": 0.06101583316922188, "_timestamp": 1671834400.8143425, "_runtime": 25410.18047451973, "_step": 1999, "_wandb": {"runtime": 25409}}