{"time/training": 21.222219467163086, "evaluation/target_0_return_mean": 0.0, "evaluation/target_0_return_std": 0.0, "evaluation/target_0_length_mean": 1000.0, "evaluation/target_0_length_std": 0.0, "time/total": 6921.447226047516, "time/evaluation": 48.026278018951416, "training/train_loss_mean": 0.5020827491283417, "training/train_loss_std": 0.2562014739019523, "training/action_error": 0.1978326439857483, "training/waypoint_error": 0.479796439409256, "_timestamp": 1673726481.3922029, "_runtime": 6920.421786785126, "_step": 99, "_wandb": {"runtime": 6920}}