{"time/training": 19.854432344436646, "evaluation/target_0_return_mean": 0.0, "evaluation/target_0_return_std": 0.0, "evaluation/target_0_length_mean": 1000.0, "evaluation/target_0_length_std": 0.0, "time/total": 7257.697190523148, "time/evaluation": 53.68289613723755, "training/train_loss_mean": 0.5049777195453644, "training/train_loss_std": 0.23323398395884765, "training/action_error": 0.19324710965156555, "training/waypoint_error": 0.49087679386138916, "_timestamp": 1673726844.029563, "_runtime": 7256.570586919785, "_step": 99, "_wandb": {"runtime": 7256}}