{"time/training": 17.13643789291382, "evaluation/target_0_return_mean": 0.0, "evaluation/target_0_return_std": 0.0, "evaluation/target_0_length_mean": 1000.0, "evaluation/target_0_length_std": 0.0, "time/total": 7035.471634864807, "time/evaluation": 44.474600076675415, "training/train_loss_mean": 0.5099871110916138, "training/train_loss_std": 0.24252914164830064, "training/action_error": 0.19199542701244354, "training/waypoint_error": 0.6448795199394226, "_timestamp": 1673726581.272814, "_runtime": 7034.201162099838, "_step": 99, "_wandb": {"runtime": 7033}}