{"time/training": 6.432462453842163, "evaluation/target_3600_return_mean": 1289.7175718450578, "evaluation/target_3600_return_std": 15.528840687645179, "evaluation/target_3600_length_mean": 410.3333333333333, "evaluation/target_3600_length_std": 1.699673171197595, "evaluation/target_1800_return_mean": 2020.0140940281206, "evaluation/target_1800_return_std": 227.64015193950297, "evaluation/target_1800_length_mean": 620.6666666666666, "evaluation/target_1800_length_std": 69.60044699728746, "time/total": 1815.9853274822235, "time/evaluation": 9.979168891906738, "training/train_loss_mean": 0.09766693323850632, "training/train_loss_std": 0.0028524727985313266, "training/action_error": 0.09718509018421173, "_timestamp": 1671837347.4341996, "_runtime": 1814.864221572876, "_step": 135, "_wandb": {"runtime": 1826}}