{"time/training": 17.99009132385254, "evaluation/target_0_return_mean": 0.0, "evaluation/target_0_return_std": 0.0, "evaluation/target_0_length_mean": 1000.0, "evaluation/target_0_length_std": 0.0, "time/total": 6971.573338985443, "time/evaluation": 47.952128887176514, "training/train_loss_mean": 0.48271429145336153, "training/train_loss_std": 0.23671506889261895, "training/action_error": 0.19307003915309906, "training/waypoint_error": 0.10024892538785934, "_timestamp": 1673726543.8141272, "_runtime": 6970.348315238953, "_step": 99, "_wandb": {"runtime": 6969}}