{"time/training": 3.2309792041778564, "evaluation/target_3600_return_mean": 1664.215199140663, "evaluation/target_3600_return_std": 105.67763952630204, "evaluation/target_3600_length_mean": 518.6666666666666, "evaluation/target_3600_length_std": 30.390056853443948, "evaluation/target_1800_return_mean": 1352.75494677911, "evaluation/target_1800_return_std": 178.50824679569823, "evaluation/target_1800_length_mean": 439.3333333333333, "evaluation/target_1800_length_std": 52.25790742929618, "time/total": 11842.17233300209, "time/evaluation": 14.228292226791382, "training/train_loss_mean": 0.06890234120190143, "training/train_loss_std": 0.004570558736826198, "training/action_error": 0.07207561284303665, "_timestamp": 1671770957.1046166, "_runtime": 11840.44348859787, "_step": 648}